{
  "pizzas": [
    {
      "nombre": "Pizza Pepperoni",
      "precio_30cm": 179,
      "precio_familiar": 209
    },
    {
      "nombre": "Pizza Hawaiana",
      "precio_30cm": 179,
      "precio_familiar": 209
    }
  ],
  "bebidas": [
    {
      "nombre": "Refresco de limón 1.5 L",
      "precio": 39
    },
    {
      "nombre": "Refresco 7up 400 ml",
      "precio": 25
    }
  ],
  "extras": [
    {
      "nombre": "Boneless de pechuga de pollo 220 g",
      "precio": 99
    },
    {
      "nombre": "Dip de salsa pomodoro de la casa",
      "precio": 15
    }
  ],
  "promos": [
    {
      "nombre": "Dos pizzas grandes a elegir (pepperoni y hawaiana)",
      "descripcion": "Paquete de dos pizzas grandes.",
      "precio": 343
    }
  ],
  "faqs": {
    "horarios": "Miércoles a domingo de 1:00 pm a 11:00 pm",
    "direccion": "Av. San Jerónimo 131, Col. San Jerónimo Lídice, CDMX"
  }
}